City_ID,City,Country,Date,Lat,Lng,Max Temp,Humidity,Cloudiness,Wind Speed
0,Rikitea,PF,2021-12-05 18:37:23,-23.1203,-134.9692,75.76,75,98,7.85
1,Comodoro Rivadavia,AR,2021-12-05 18:36:16,-45.8667,-67.5,73.26,33,20,20.71
2,Saint-Philippe,RE,2021-12-05 18:36:46,-21.3585,55.7679,78.39,79,38,10.04
3,Yumen,CN,2021-12-05 18:37:24,40.2833,97.2,27.61,47,23,22.17
4,Padang,ID,2021-12-05 18:37:24,-0.9492,100.3543,73.45,87,99,2.46
5,Busselton,AU,2021-12-05 18:37:24,-33.65,115.3333,61.05,83,29,15.75
6,East London,ZA,2021-12-05 18:37:25,-33.0153,27.9116,70.74,100,75,4.61
7,Paranapanema,BR,2021-12-05 18:37:25,-23.3886,-48.7228,91.18,25,53,1.45
8,Mataura,NZ,2021-12-05 18:37:26,-46.1927,168.8643,45.48,95,100,2.26
9,Faanui,PF,2021-12-05 18:37:26,-16.4833,-151.75,80.46,73,84,17.09
10,Kodiak,US,2021-12-05 18:37:26,57.79,-152.4072,26.11,100,75,3.44
11,Tasiilaq,GL,2021-12-05 18:37:27,65.6145,-37.6368,30.27,83,97,35.5
12,Vaini,TO,2021-12-05 18:37:27,-21.2,-175.2,75.36,94,75,8.05
13,Hobart,AU,2021-12-05 18:37:17,-42.8794,147.3294,51.66,74,90,1.01
14,Ponta Do Sol,PT,2021-12-05 18:37:28,32.6667,-17.1,66.83,72,62,6.8
15,Saint-Leu,RE,2021-12-05 18:37:28,-21.15,55.2833,77.86,79,27,2.19
16,Hofn,IS,2021-12-05 18:34:23,64.2539,-15.2082,42.8,73,100,29.28
17,Bareli,IN,2021-12-05 18:34:39,28.35,79.4167,65.53,63,5,4.63
18,Kavaratti,IN,2021-12-05 18:33:57,10.5669,72.642,81.75,70,80,11.99
19,Port Alfred,ZA,2021-12-05 18:37:30,-33.5906,26.891,69.4,95,100,9.84
20,Thompson,CA,2021-12-05 18:33:21,55.7435,-97.8558,-18.24,76,20,9.22
21,Provideniya,RU,2021-12-05 18:37:30,64.3833,-173.3,30.67,97,100,24.74
22,Pevek,RU,2021-12-05 18:37:30,69.7008,170.3133,-8.84,96,100,6.44
23,Lyuban,BY,2021-12-05 18:37:31,52.7985,28.0048,28.71,87,100,5.12
24,Atuona,PF,2021-12-05 18:36:46,-9.8,-139.0333,78.48,75,8,21.05
25,Batangafo,CF,2021-12-05 18:37:31,7.3008,18.2833,82.71,26,100,4.38
26,Upernavik,GL,2021-12-05 18:37:32,72.7868,-56.1549,27.75,73,100,1.41
27,Sandwick,GB,2021-12-05 18:37:32,60.0,-1.25,40.82,75,40,12.66
28,Ushuaia,AR,2021-12-05 18:37:33,-54.8,-68.3,46.06,71,75,33.38
29,Cherskiy,RU,2021-12-05 18:37:21,68.75,161.3,-46.66,100,83,4.85
30,Taoudenni,ML,2021-12-05 18:37:33,22.6783,-3.9836,65.37,17,100,10.09
31,Jesus Carranza,MX,2021-12-05 18:37:34,17.4333,-95.0333,81.0,72,60,5.59
32,Punta Arenas,CL,2021-12-05 18:37:34,-53.15,-70.9167,57.31,38,20,36.82
33,Batagay-Alyta,RU,2021-12-05 18:37:35,67.8006,130.4114,-22.29,99,100,2.13
34,Hermanus,ZA,2021-12-05 18:34:48,-34.4187,19.2345,63.9,94,100,11.65
35,Houma,US,2021-12-05 18:37:35,29.5958,-90.7195,81.0,68,46,4.0
36,Ovsyanka,RU,2021-12-05 18:37:36,55.9575,92.5519,31.23,89,100,9.17
37,Hasaki,JP,2021-12-05 18:36:07,35.7333,140.8333,45.28,63,100,10.27
38,Ribeira Grande,PT,2021-12-05 18:37:36,38.5167,-28.7,66.6,63,40,8.05
39,Lewistown,US,2021-12-05 18:37:37,40.5992,-77.5714,49.87,31,1,6.91
40,Coihaique,CL,2021-12-05 18:34:02,-45.5752,-72.0662,70.41,46,75,6.91
41,Saldanha,ZA,2021-12-05 18:37:37,-33.0117,17.9442,62.65,93,13,16.02
42,Butaritari,KI,2021-12-05 18:37:38,3.0707,172.7902,82.02,81,100,13.98
43,Dudinka,RU,2021-12-05 18:37:38,69.4058,86.1778,-21.39,97,100,24.65
44,Gorin,RU,2021-12-05 18:37:39,51.1983,136.6669,6.06,96,100,4.45
45,Luderitz,NA,2021-12-05 18:37:39,-26.6481,15.1594,62.85,83,0,14.74
46,Okhotsk,RU,2021-12-05 18:38:40,59.3833,143.3,-14.13,88,16,9.28
47,Chokurdakh,RU,2021-12-05 18:38:40,70.6333,147.9167,-42.45,100,61,4.94
48,Bluff,NZ,2021-12-05 18:38:40,-46.6,168.3333,45.81,51,95,10.51
49,Castro,BR,2021-12-05 18:38:41,-24.7911,-50.0119,73.0,62,95,4.59
50,Wahiawa,US,2021-12-05 18:38:41,21.5028,-158.0236,69.8,83,75,0.0
51,Salalah,OM,2021-12-05 18:38:42,17.0151,54.0924,75.29,60,0,5.75
52,Egvekinot,RU,2021-12-05 18:38:42,66.3167,-179.1667,2.71,85,100,29.04
53,Bredasdorp,ZA,2021-12-05 18:38:42,-34.5322,20.0403,63.72,94,100,9.22
54,Udachnyy,RU,2021-12-05 18:38:43,66.4167,112.4,-24.56,74,100,19.46
55,Cayenne,GF,2021-12-05 18:38:43,4.9333,-52.3333,84.24,84,75,1.99
56,Hithadhoo,MV,2021-12-05 18:33:44,-0.6,73.0833,81.41,79,100,14.9
57,Mahebourg,MU,2021-12-05 18:38:44,-20.4081,57.7,79.25,73,40,9.22
58,Talcahuano,CL,2021-12-05 18:35:15,-36.7167,-73.1167,80.28,41,0,12.66
59,Jamestown,US,2021-12-05 18:36:47,42.097,-79.2353,42.53,44,90,7.0
60,Faya,SA,2021-12-05 18:38:45,18.3851,42.4509,57.31,67,0,3.11
61,Albany,US,2021-12-05 18:38:23,42.6001,-73.9662,43.81,51,94,1.01
62,Cockburn Town,TC,2021-12-05 18:38:45,21.4612,-71.1419,80.55,75,49,19.28
63,Tuktoyaktuk,CA,2021-12-05 18:38:46,69.4541,-133.0374,-18.4,69,20,9.22
64,Tessalit,ML,2021-12-05 18:33:50,20.1986,1.0114,73.26,13,87,11.25
65,Narsaq,GL,2021-12-05 18:38:46,60.9167,-46.05,28.62,83,100,6.89
66,Quelimane,MZ,2021-12-05 18:38:47,-17.8786,36.8883,82.35,78,0,14.97
67,Axim,GH,2021-12-05 18:38:47,4.8699,-2.2405,80.89,82,50,8.03
68,Paamiut,GL,2021-12-05 18:38:48,61.994,-49.6678,26.6,66,100,22.03
69,Mar Del Plata,AR,2021-12-05 18:35:35,-38.0023,-57.5575,68.02,85,40,11.01
70,Cape Town,ZA,2021-12-05 18:38:49,-33.9258,18.4232,64.11,89,90,5.01
71,Aykhal,RU,2021-12-05 18:38:49,66.0,111.5,-26.59,94,100,10.04
72,Horadiz,AZ,2021-12-05 18:38:49,39.4488,47.3353,47.17,30,100,4.79
73,Aksarka,RU,2021-12-05 18:38:50,66.5606,67.7975,-21.1,97,42,12.73
74,Dikson,RU,2021-12-05 18:38:50,73.5069,80.5464,2.28,94,100,8.66
75,Pokosnoye,RU,2021-12-05 18:38:50,55.5258,101.0536,21.94,84,100,8.63
76,Araguaina,BR,2021-12-05 18:38:51,-7.1911,-48.2072,85.3,62,96,4.43
77,Zhigansk,RU,2021-12-05 18:38:51,66.7697,123.3711,-27.31,91,100,8.08
78,Lagoa,PT,2021-12-05 18:38:52,39.05,-27.9833,63.25,74,21,11.5
79,Ola,RU,2021-12-05 18:38:52,59.5833,151.2833,-10.97,92,71,6.8
80,Bambous Virieux,MU,2021-12-05 18:38:53,-20.3428,57.7575,79.21,73,40,9.22
81,Goderich,CA,2021-12-05 18:38:53,43.7501,-81.7165,34.92,80,100,8.05
82,Barrow,US,2021-12-05 18:38:54,71.2906,-156.7887,8.62,72,75,10.36
83,Polunochnoye,RU,2021-12-05 18:38:54,60.8697,60.4153,-3.71,98,100,3.56
84,Kapaa,US,2021-12-05 18:38:20,22.0752,-159.319,71.58,72,1,1.01
85,Sapouy,BF,2021-12-05 18:38:55,11.5544,-1.7736,80.8,13,0,7.29
86,Corinto,GR,2021-12-05 18:38:19,37.9407,22.9573,59.68,81,0,6.15
87,Yei,SS,2021-12-05 18:38:55,4.095,30.6779,75.6,56,100,2.8
88,New Norfolk,AU,2021-12-05 18:34:28,-42.7826,147.0587,51.3,61,91,2.62
89,Cimitarra,CO,2021-12-05 18:38:56,6.3142,-73.9497,89.2,57,100,2.95
90,Sechura,PE,2021-12-05 18:38:56,-5.5569,-80.8222,79.21,54,94,15.66
91,Khatanga,RU,2021-12-05 18:39:57,71.9667,102.5,-15.81,96,100,11.88
92,Victoria,HK,2021-12-05 18:38:06,22.2855,114.1577,66.25,70,92,9.17
93,Yubari,JP,2021-12-05 18:39:57,43.0378,141.9578,21.94,83,8,4.54
94,Ambon,ID,2021-12-05 18:39:58,-3.6954,128.1814,77.14,88,75,6.91
95,Roald,NO,2021-12-05 18:39:58,62.5833,6.1333,36.34,69,75,14.97
96,Loandjili,CG,2021-12-05 18:39:59,-4.7561,11.8578,79.45,85,100,5.64
97,Sinop,TR,2021-12-05 18:39:59,41.7711,34.8709,47.88,85,26,9.48
98,Caravelas,BR,2021-12-05 18:40:00,-17.7125,-39.2481,80.6,65,0,8.03
99,Sunrise Manor,US,2021-12-05 18:37:28,36.2111,-115.0731,73.45,20,1,6.91
100,Airai,TL,2021-12-05 18:40:00,-8.9266,125.4092,61.65,91,100,1.61
101,Muros,ES,2021-12-05 18:40:01,42.7762,-9.0603,54.23,89,57,9.42
102,Jalu,LY,2021-12-05 18:40:01,29.0331,21.5482,59.4,57,0,5.93
103,Grand Gaube,MU,2021-12-05 18:40:02,-20.0064,57.6608,79.38,68,2,5.01
104,Hilo,US,2021-12-05 18:40:02,19.7297,-155.09,76.28,94,90,3.44
105,Redlands,US,2021-12-05 18:40:03,34.0556,-117.1825,79.92,27,0,3.44
106,Rawson,AR,2021-12-05 18:40:03,-43.3002,-65.1023,70.66,46,8,17.16
107,Inhambane,MZ,2021-12-05 18:40:03,-23.865,35.3833,80.58,83,20,9.22
108,Mackay,AU,2021-12-05 18:40:04,-21.15,149.2,76.98,78,40,11.5
109,Hanmer Springs,NZ,2021-12-05 18:40:04,-42.5167,172.8167,46.8,97,100,3.96
110,Nikolskoye,RU,2021-12-05 18:40:05,59.7035,30.7861,4.01,96,13,5.28
111,Porto Santo,PT,2021-12-05 18:40:05,33.072,-16.3415,66.11,77,75,16.11
112,Bethel,US,2021-12-05 18:38:31,41.3712,-73.414,46.99,39,75,4.61
113,Bengkulu,ID,2021-12-05 18:40:06,-3.8004,102.2655,74.97,91,100,8.28
114,Naze,JP,2021-12-05 18:40:06,28.3667,129.4833,62.62,70,79,15.7
115,Iqaluit,CA,2021-12-05 18:40:06,63.7506,-68.5145,10.13,66,90,25.01
116,Portland,US,2021-12-05 18:39:29,45.5234,-122.6762,44.71,92,40,1.01
117,Longyearbyen,SJ,2021-12-05 18:40:07,78.2186,15.6401,13.84,73,75,11.5
118,Belmonte,BR,2021-12-05 18:40:08,-15.8631,-38.8828,81.1,69,2,7.63
119,Agadir,MA,2021-12-05 18:40:08,30.4202,-9.5982,59.45,64,0,2.46
120,Magistralnyy,RU,2021-12-05 18:40:08,56.1725,107.4458,20.05,90,100,8.1
121,Saint-Francois,FR,2021-12-05 18:40:09,46.4154,3.9054,38.68,89,90,10.36
122,Chapleau,CA,2021-12-05 18:40:09,47.8405,-83.4034,15.89,79,75,5.75
123,Avarua,CK,2021-12-05 18:40:03,-21.2078,-159.775,78.85,94,20,6.91
124,Tuatapere,NZ,2021-12-05 18:40:10,-46.1333,167.6833,45.82,81,100,2.95
125,Westport,US,2021-12-05 18:39:57,41.1415,-73.3579,48.97,44,1,1.01
126,Port Macquarie,AU,2021-12-05 18:40:11,-31.4333,152.9167,62.89,79,98,5.5
127,Quatre Cocos,MU,2021-12-05 18:38:36,-20.2078,57.7625,79.09,70,28,12.66
128,Praia Da Vitoria,PT,2021-12-05 18:40:11,38.7333,-27.0667,64.76,77,75,4.79
129,Fort Nelson,CA,2021-12-05 18:40:12,58.8053,-122.7002,-24.21,76,1,6.91
130,Qaanaaq,GL,2021-12-05 18:40:12,77.484,-69.3632,19.45,73,100,6.29
131,Codrington,AU,2021-12-05 18:40:12,-38.2667,141.9667,46.29,87,98,6.89
132,Innisfail,AU,2021-12-05 18:40:13,-17.5333,146.0333,78.13,75,97,3.65
133,Nanga Eboko,CM,2021-12-05 18:40:13,4.6833,12.3667,75.56,66,100,3.13
134,Havoysund,NO,2021-12-05 18:37:30,70.9963,24.6622,25.68,91,99,25.52
135,Nizwa,OM,2021-12-05 18:41:14,22.9333,57.5333,68.58,44,0,3.18
136,Kununurra,AU,2021-12-05 18:41:14,-15.7667,128.7333,73.38,94,100,3.44
137,Varna,BG,2021-12-05 18:37:21,43.2167,27.9167,51.44,90,90,2.3
138,Kabanjahe,ID,2021-12-05 18:41:15,3.1001,98.4908,61.56,97,100,0.74
139,Shemgang,BT,2021-12-05 18:41:15,27.2169,90.6579,49.59,85,82,4.0
140,Galesong,ID,2021-12-05 18:41:15,-5.3166,119.3661,75.22,92,100,6.42
141,Mnogovershinnyy,RU,2021-12-05 18:41:16,53.9353,139.9242,6.84,88,100,4.12
142,Ambunti,PG,2021-12-05 18:41:16,-4.2365,142.8448,75.34,96,100,1.39
143,Lorengau,PG,2021-12-05 18:41:17,-2.0226,147.2712,83.48,81,53,14.61
144,Buala,SB,2021-12-05 18:41:17,-8.145,159.5921,79.48,84,99,5.03
145,Dingle,PH,2021-12-05 18:41:17,10.9995,122.6711,71.51,90,50,6.85
146,Ancud,CL,2021-12-05 18:41:18,-41.8697,-73.8203,72.93,58,8,6.98
147,Harper,LR,2021-12-05 18:41:19,4.375,-7.7169,80.96,79,6,8.1
148,Makinsk,KZ,2021-12-05 18:41:19,52.6292,70.4169,9.93,96,41,5.68
149,Clyde River,CA,2021-12-05 18:39:49,70.4692,-68.5914,10.63,85,100,40.29
150,San Roque,ES,2021-12-05 18:41:20,36.2107,-5.3842,56.23,67,20,13.8
151,Maneadero,MX,2021-12-05 18:41:20,31.7167,-116.5667,59.11,82,0,1.99
152,Tiksi,RU,2021-12-05 18:41:20,71.6872,128.8694,-13.13,94,100,5.57
153,Joniskelis,LT,2021-12-05 18:41:21,56.0253,24.1689,16.75,95,69,8.72
154,Chifeng,CN,2021-12-05 18:41:21,42.2683,118.9636,31.57,44,96,12.15
155,Sampit,ID,2021-12-05 18:41:22,-2.5333,112.95,74.26,94,100,4.23
156,Ketchikan,US,2021-12-05 18:41:22,55.3422,-131.6461,28.87,93,75,3.44
157,Wanaka,NZ,2021-12-05 18:41:22,-44.7,169.15,45.1,86,100,1.99
158,Chuy,UY,2021-12-05 18:41:23,-33.6971,-53.4616,71.78,65,93,11.92
159,Perafita,PT,2021-12-05 18:41:23,41.1825,-8.2545,47.32,91,23,3.31
160,Anlu,CN,2021-12-05 18:41:24,31.1661,112.5831,48.81,35,0,3.96
161,Pinos,MX,2021-12-05 18:41:24,22.3,-101.5667,58.19,21,92,12.33
162,Talnakh,RU,2021-12-05 18:41:24,69.4865,88.3972,-21.8,99,100,13.78
163,Yulara,AU,2021-12-05 18:41:25,-25.2406,130.9889,67.84,64,0,8.05
164,Lumsden,CA,2021-12-05 18:41:25,50.6501,-104.8678,7.88,85,100,17.34
165,Nanortalik,GL,2021-12-05 18:41:26,60.1432,-45.2371,28.36,61,78,25.3
166,Kenai,US,2021-12-05 18:41:26,60.5544,-151.2583,16.14,92,75,8.05
167,Kruisfontein,ZA,2021-12-05 18:41:27,-34.0033,24.7314,67.89,85,94,6.02
168,Broken Hill,AU,2021-12-05 18:41:27,-31.95,141.4333,65.91,37,30,6.91
169,Lasa,IT,2021-12-05 18:41:27,46.6166,10.7002,30.11,94,94,5.35
170,Constitucion,CL,2021-12-05 18:41:28,-35.3333,-72.4167,70.9,52,3,6.13
171,Lavrentiya,RU,2021-12-05 18:41:28,65.5833,-171.0,30.31,98,100,18.25
172,Yellowknife,CA,2021-12-05 18:41:29,62.456,-114.3525,-18.71,83,20,6.91
173,Bria,CF,2021-12-05 18:41:29,6.5423,21.9863,78.75,33,100,1.23
174,Pinawa,CA,2021-12-05 18:41:29,50.1489,-95.8811,26.35,80,100,7.14
175,Srednekolymsk,RU,2021-12-05 18:41:30,67.45,153.6833,-48.64,99,70,4.92
176,Alice Springs,AU,2021-12-05 18:41:30,-23.7,133.8833,67.55,60,1,0.0
177,Bonavista,CA,2021-12-05 18:41:31,48.6499,-53.1147,36.12,59,97,15.21
178,Olinda,BR,2021-12-05 18:41:31,-8.0089,-34.8553,83.93,74,40,8.05
179,Tarrafal,CV,2021-12-05 18:41:32,15.2833,-23.7667,77.79,76,52,17.22
180,Cap Malheureux,MU,2021-12-05 18:41:32,-19.9842,57.6142,79.47,68,1,5.01
181,San Andres Sajcabaja,GT,2021-12-05 18:42:33,15.2167,-90.9167,80.83,42,0,5.82
182,Hamilton,US,2021-12-05 18:39:02,39.1834,-84.5333,54.79,59,20,3.0
183,Zhanaozen,KZ,2021-12-05 18:42:33,43.3,52.8,40.26,63,100,13.22
184,Nexo,DK,2021-12-05 18:42:34,55.0607,15.1306,35.69,86,100,31.36
185,Traverse City,US,2021-12-05 18:41:20,44.7631,-85.6206,29.14,94,100,3.0
186,George Town,MY,2021-12-05 18:42:25,5.4112,100.3354,78.89,85,20,5.01
187,Hualmay,PE,2021-12-05 18:42:23,-11.0964,-77.6139,69.64,79,100,10.25
188,Honiara,SB,2021-12-05 18:42:35,-9.4333,159.95,77.4,88,100,2.86
189,Kashary,RU,2021-12-05 18:42:35,49.04,41.0056,32.34,96,100,7.16
190,Kiunga,PG,2021-12-05 18:42:36,-6.1219,141.2906,71.76,99,85,0.47
191,Gambo,CF,2021-12-05 18:42:36,4.6482,22.2633,75.6,69,100,1.28
192,Saskylakh,RU,2021-12-05 18:42:36,71.9167,114.0833,-23.33,95,100,9.73
193,Albury,AU,2021-12-05 18:42:37,-36.0833,146.9167,57.25,86,17,5.75
194,Nouakchott,MR,2021-12-05 18:42:37,18.0858,-15.9785,87.73,25,100,11.9
195,Coihueco,CL,2021-12-05 18:42:38,-36.6167,-71.8333,93.94,20,0,5.75
196,Whitehorse,CA,2021-12-05 18:42:38,60.7161,-135.0538,-9.9,76,75,18.01
197,Alofi,NU,2021-12-05 18:42:38,-19.0595,-169.9187,76.89,94,79,14.97
198,Kaitangata,NZ,2021-12-05 18:42:39,-46.2817,169.8464,50.94,60,100,4.88
199,Lahan,NP,2021-12-05 18:42:39,26.7296,86.4951,67.86,71,0,4.99
200,Port Pirie,AU,2021-12-05 18:42:40,-33.1833,138.0167,64.49,56,99,1.43
201,Kanye,BW,2021-12-05 18:42:41,-24.9667,25.3327,65.8,76,100,5.21
202,Pandoh,IN,2021-12-05 18:42:41,31.6833,77.05,52.18,76,97,4.88
203,Lompoc,US,2021-12-05 18:42:41,34.6391,-120.4579,76.08,63,1,15.01
204,Teya,RU,2021-12-05 18:42:42,60.3778,92.6267,13.51,96,100,3.22
205,Pedasi,PA,2021-12-05 18:42:42,7.5333,-80.0333,82.13,78,100,9.53
206,Samarai,PG,2021-12-05 18:42:43,-10.6167,150.6667,80.91,78,100,6.04
207,Tommot,RU,2021-12-05 18:42:43,58.9564,126.2925,7.83,83,100,9.42
208,Nedjo,ET,2021-12-05 18:42:43,9.5046,35.5019,63.43,37,5,3.89
209,Cranbrook,CA,2021-12-05 18:39:27,49.4999,-115.7688,26.83,86,20,6.91
210,Torbay,CA,2021-12-05 18:42:44,47.6666,-52.7314,36.68,62,75,9.22
211,Vezirkopru,TR,2021-12-05 18:42:45,41.1436,35.4547,45.09,69,7,3.18
212,Berdigestyakh,RU,2021-12-05 18:42:45,62.0989,126.6992,-4.23,92,100,6.71
213,Sayyan,YE,2021-12-05 18:42:45,15.1718,44.3244,50.63,32,0,2.64
214,Handlova,SK,2021-12-05 18:42:46,48.7276,18.7601,34.16,98,100,0.83
215,Aleksandrov Gay,RU,2021-12-05 18:42:46,50.147,48.5704,35.69,97,100,11.54
216,Te Anau,NZ,2021-12-05 18:42:47,-45.4167,167.7167,43.83,93,77,6.02
217,Puerto Ayora,EC,2021-12-05 18:42:47,-0.7393,-90.3518,75.16,82,67,9.71
218,Kjustendil,BG,2021-12-05 18:42:48,42.2839,22.6911,45.07,89,100,6.24
219,Yenotayevka,RU,2021-12-05 18:42:48,47.2456,47.0281,45.75,93,100,9.98
220,Carnarvon,AU,2021-12-05 18:42:48,-24.8667,113.6333,77.07,65,0,18.41
221,Neuquen,AR,2021-12-05 18:39:15,-38.9516,-68.0591,87.69,27,0,8.05
222,Itacoatiara,BR,2021-12-05 18:43:49,-3.1431,-58.4442,89.24,55,80,2.55
223,Tigil,RU,2021-12-05 18:43:49,57.8,158.6667,21.15,90,100,20.36
224,Conde,BR,2021-12-05 18:43:50,-7.2597,-34.9075,81.86,78,75,14.97
225,Siauliai,LT,2021-12-05 18:43:50,55.9333,23.3167,15.82,92,90,12.66
226,Aneho,TG,2021-12-05 18:43:51,6.2333,1.6,84.4,80,59,14.09
227,Medea,DZ,2021-12-05 18:43:51,36.2642,2.7539,45.05,76,23,19.46
228,Inuvik,CA,2021-12-05 18:43:51,68.3499,-133.7218,-10.19,77,20,3.44
229,Port Blair,IN,2021-12-05 18:43:52,11.6667,92.75,78.67,72,2,9.64
230,Bushehr,IR,2021-12-05 18:43:52,28.9684,50.8385,66.29,59,0,6.91
231,Kahului,US,2021-12-05 18:43:53,20.8947,-156.47,73.42,76,75,0.0
232,Fairbanks,US,2021-12-05 18:43:53,64.8378,-147.7164,-9.02,77,1,0.0
233,Cheyenne,US,2021-12-05 18:43:53,41.14,-104.8203,59.95,17,1,32.21
234,Hearst,CA,2021-12-05 18:43:54,49.6835,-83.6665,12.45,74,100,5.82
235,Kargopol,RU,2021-12-05 18:43:54,61.5071,38.9456,9.72,96,100,4.97
236,Pauini,BR,2021-12-05 18:43:55,-7.7136,-66.9764,83.79,69,97,2.73
237,Banda Aceh,ID,2021-12-05 18:43:55,5.5577,95.3222,77.36,83,93,9.31
238,La Rioja,ES,2021-12-05 18:43:55,42.25,-2.5,35.49,97,100,10.74
239,Salinas,US,2021-12-05 18:43:56,36.6777,-121.6555,70.2,86,90,6.91
240,Onega,RU,2021-12-05 18:43:56,63.9061,38.1404,13.28,89,79,5.61
241,Bathsheba,BB,2021-12-05 18:43:56,13.2167,-59.5167,86.61,66,40,23.02
242,Brewster,US,2021-12-05 18:43:57,41.3973,-73.6171,47.95,39,75,1.01
243,Kindu,CD,2021-12-05 18:43:57,-2.95,25.95,70.66,99,100,0.31
244,Tucumcari,US,2021-12-05 18:43:58,35.1717,-103.725,68.94,18,1,16.11
245,Burgos,ES,2021-12-05 18:43:58,42.3394,-3.7079,36.01,93,90,8.05
246,Pangnirtung,CA,2021-12-05 18:43:59,66.1451,-65.7125,17.6,93,90,12.66
247,Coffs Harbour,AU,2021-12-05 18:43:59,-30.3,153.1333,64.13,96,90,10.36
248,Noumea,NC,2021-12-05 18:43:59,-22.2763,166.4572,80.01,99,100,11.01
249,Palmer,US,2021-12-05 18:44:00,42.1584,-72.3287,45.68,46,75,1.01
250,Aklavik,CA,2021-12-05 18:44:00,68.2191,-135.0107,-12.17,76,20,4.61
251,Touros,BR,2021-12-05 18:44:01,-5.1989,-35.4608,88.7,70,79,16.98
252,Bardiyah,LY,2021-12-05 18:44:01,31.7561,25.0865,62.46,65,0,5.28
253,Georgetown,MY,2021-12-05 18:40:30,5.4112,100.3354,78.89,85,20,5.01
254,Olafsvik,IS,2021-12-05 18:44:02,64.8945,-23.7142,42.12,90,100,23.64
255,Hobyo,SO,2021-12-05 18:44:02,5.3505,48.5268,79.18,75,8,17.74
256,Changji,CN,2021-12-05 18:44:03,44.0167,87.3167,20.19,79,79,2.24
257,Karratha,AU,2021-12-05 18:44:04,-20.7377,116.8463,86.13,34,10,15.3
258,Chute-Aux-Outardes,CA,2021-12-05 18:43:07,49.1168,-68.399,17.91,57,1,11.5
259,Namibe,AO,2021-12-05 18:44:04,-15.1961,12.1522,73.87,61,2,9.57
260,Bulolo,PG,2021-12-05 18:44:05,-7.2,146.65,68.79,97,17,2.64
261,Norman Wells,CA,2021-12-05 18:42:19,65.282,-126.8329,-17.09,83,49,5.06
262,Bonthe,SL,2021-12-05 18:44:05,7.5264,-12.505,80.83,76,5,8.68
263,Pontes E Lacerda,BR,2021-12-05 18:44:06,-15.2261,-59.3353,84.33,72,96,3.31
264,Nanchong,CN,2021-12-05 18:44:06,30.7951,106.0847,54.41,67,0,5.39
265,Leningradskiy,RU,2021-12-05 18:45:06,69.3833,178.4167,-2.7,98,100,11.9
266,Harrisburg,US,2021-12-05 18:45:07,40.2737,-76.8844,51.75,43,1,7.0
267,Ixtapa,MX,2021-12-05 18:45:07,20.7,-105.2,87.51,40,100,4.18
268,Santa Cruz Del Norte,CU,2021-12-05 18:45:08,23.1539,-81.9236,84.81,58,0,9.37
269,Henties Bay,NA,2021-12-05 18:45:08,-22.116,14.2845,62.85,84,0,10.0
270,Adrar,MR,2021-12-05 18:42:58,20.5022,-10.0711,67.32,12,100,11.9
271,Srikakulam,IN,2021-12-05 18:45:09,18.3,83.9,73.17,87,100,3.91
272,Tautira,PF,2021-12-05 18:45:09,-17.7333,-149.15,84.22,70,32,17.72
273,Hauterive,FR,2021-12-05 18:45:10,46.0901,3.4459,41.76,98,100,8.03
274,Port Elizabeth,ZA,2021-12-05 18:44:47,-33.918,25.5701,70.11,100,40,4.61
275,Thunder Bay,CA,2021-12-05 18:45:07,48.4001,-89.3168,30.11,79,90,19.57
276,Tulu Bolo,ET,2021-12-05 18:45:11,8.6667,38.2167,53.47,54,5,3.94
277,Cidreira,BR,2021-12-05 18:45:11,-30.1811,-50.2056,72.97,81,38,15.9
278,Lebu,CL,2021-12-05 18:40:27,-37.6167,-73.65,65.05,61,0,13.58
279,Ilulissat,GL,2021-12-05 18:45:11,69.2167,-51.1,35.62,48,75,19.57
280,Jieshi,CN,2021-12-05 18:45:12,22.8134,115.8257,60.94,70,14,9.93
281,Kavieng,PG,2021-12-05 18:45:13,-2.5744,150.7967,81.86,81,97,9.31
282,Soure,BR,2021-12-05 18:45:13,-0.7167,-48.5233,82.71,77,91,11.07
283,Yinchuan,CN,2021-12-05 18:45:14,38.4681,106.2731,31.26,35,53,5.01
284,Islamkot,PK,2021-12-05 18:45:14,24.6997,70.177,68.36,23,0,9.75
285,Catalina,US,2021-12-05 18:45:14,32.5056,-110.9211,71.71,28,0,1.01
286,Tura,IN,2021-12-05 18:45:15,25.5198,90.2201,65.82,82,100,0.96
287,Taitung,TW,2021-12-05 18:45:15,22.7583,121.1444,65.79,72,4,6.71
288,Meadow Lake,US,2021-12-05 18:45:15,34.8014,-106.5436,62.62,28,0,9.15
289,Ekibastuz,KZ,2021-12-05 18:45:16,51.6667,75.3667,30.02,83,100,7.87
290,Wuwei,CN,2021-12-05 18:45:16,37.9281,102.6414,30.11,34,37,5.23
291,Ambilobe,MG,2021-12-05 18:45:17,-13.2,49.05,79.45,63,2,6.67
292,Mahuva,IN,2021-12-05 18:45:17,21.0914,71.7622,74.7,68,0,6.91
293,Aquiraz,BR,2021-12-05 18:45:17,-3.9014,-38.3911,87.89,68,7,14.29
294,Zyryanka,RU,2021-12-05 18:43:07,65.75,150.85,-39.69,95,100,5.53
295,Sao Francisco,BR,2021-12-05 18:45:18,-15.9486,-44.8644,80.42,73,13,5.39
296,Bilma,NE,2021-12-05 18:44:13,18.6853,12.9164,70.02,17,24,8.72
297,College,US,2021-12-05 18:45:19,64.8569,-147.8028,-1.34,77,75,0.0
298,Marsaxlokk,MT,2021-12-05 18:45:19,35.8419,14.5431,60.08,72,20,10.36
299,Ihosy,MG,2021-12-05 18:45:20,-22.4,46.1167,77.31,59,61,3.6
300,San Bartolome De Tirajana,ES,2021-12-05 18:45:20,27.9248,-15.5733,57.67,67,20,21.85
301,Merauke,ID,2021-12-05 18:45:21,-8.4667,140.3333,79.68,82,100,3.33
302,Lufilufi,WS,2021-12-05 18:45:21,-13.8745,-171.5986,76.78,78,36,7.14
303,Abalak,RU,2021-12-05 18:45:22,58.1286,68.5944,7.12,94,35,6.2
304,Victoria Point,AU,2021-12-05 18:45:22,-27.5833,153.3,67.48,91,61,1.99
305,High Level,CA,2021-12-05 18:45:22,58.5169,-117.136,-32.69,75,1,2.3
306,Orange Park,US,2021-12-05 18:45:23,30.1661,-81.7065,78.98,62,40,1.01
307,Santa Isabel Do Rio Negro,BR,2021-12-05 18:46:23,-0.4139,-65.0192,87.44,68,100,3.71
308,Maxixe,MZ,2021-12-05 18:46:24,-23.8597,35.3472,80.42,83,20,8.99
309,Praya,CV,2021-12-05 18:46:24,14.9215,-23.5087,77.54,61,0,14.97
310,Sahuaripa,MX,2021-12-05 18:46:25,29.05,-109.2333,77.68,18,0,3.09
311,Coari,BR,2021-12-05 18:46:25,-4.085,-63.1414,87.42,62,83,1.66
312,Gombong,ID,2021-12-05 18:46:26,-7.6072,109.5142,80.83,87,99,2.44
313,Kichera,RU,2021-12-05 18:46:26,55.9375,110.0997,16.65,92,100,7.02
314,Kolobrzeg,PL,2021-12-05 18:46:26,54.1757,15.5834,32.14,85,100,15.3
315,Evensk,RU,2021-12-05 18:46:27,61.95,159.2333,-15.32,81,15,6.82
316,Kumla,SE,2021-12-05 18:46:27,59.1277,15.1434,19.81,92,70,8.05
317,Fort Frances,CA,2021-12-05 18:44:01,48.5999,-93.4003,25.02,61,90,11.99
318,Ust-Nera,RU,2021-12-05 18:46:28,64.5667,143.2,-26.63,98,100,5.5
319,San Patricio,US,2021-12-05 18:46:28,28.017,-97.5169,84.29,62,100,17.72
320,Khandyga,RU,2021-12-05 18:46:29,62.6667,135.6,-7.33,99,100,2.98
321,Fort Madison,US,2021-12-05 18:46:29,40.6298,-91.3151,48.33,87,100,9.22
322,Tucuma,BR,2021-12-05 18:46:29,-0.1833,-50.05,80.1,86,98,5.79
323,Dwarka,IN,2021-12-05 18:46:30,22.2394,68.9678,75.31,51,0,13.51
324,Meulaboh,ID,2021-12-05 18:46:30,4.1363,96.1285,76.41,86,95,3.15
325,Keffi,NG,2021-12-05 18:46:31,8.8486,7.8736,84.02,28,18,2.71
326,Dusti,TJ,2021-12-05 18:46:31,37.3481,68.664,39.92,65,1,2.46
327,Hambantota,LK,2021-12-05 18:46:31,6.1241,81.1185,75.54,100,40,2.3
328,Puke,AL,2021-12-05 18:46:32,42.0444,19.8997,42.89,99,100,3.33
329,Ahipara,NZ,2021-12-05 18:46:32,-35.1667,173.1667,68.07,90,54,8.39
330,Tooele,US,2021-12-05 18:46:33,40.5308,-112.2983,54.23,35,1,6.91
331,Rio Muerto,MX,2021-12-05 18:46:33,27.4167,-110.2333,80.71,22,0,8.68
332,Shelburne,CA,2021-12-05 18:44:57,44.0787,-80.2041,31.68,83,100,11.86
333,General Roca,AR,2021-12-05 18:46:34,-39.0333,-67.5833,88.2,15,0,10.51
334,Kropotkin,RU,2021-12-05 18:46:34,45.4375,40.5756,43.21,92,94,2.21
335,Los Llanos De Aridane,ES,2021-12-05 18:46:34,28.6585,-17.9182,64.15,68,75,11.99
336,Halifax,CA,2021-12-05 18:45:56,44.6453,-63.5724,37.4,64,34,5.99
337,Belyy Yar,RU,2021-12-05 18:46:35,53.6039,91.3903,19.29,74,75,2.24
338,Kajaani,FI,2021-12-05 18:46:35,64.2273,27.7285,6.85,85,0,4.61
339,Alaca,TR,2021-12-05 18:46:36,40.1683,34.8425,45.48,61,6,3.29
340,Umm Lajj,SA,2021-12-05 18:46:36,25.0213,37.2685,77.61,74,15,8.19
341,Eyl,SO,2021-12-05 18:46:37,7.9803,49.8164,77.38,70,39,18.21
342,Ayagoz,KZ,2021-12-05 18:46:37,47.9714,80.4392,21.06,88,97,0.65
343,Mount Gambier,AU,2021-12-05 18:46:37,-37.8333,140.7667,44.51,100,100,0.0
344,San Miguel,SV,2021-12-05 18:46:38,13.4833,-88.1833,92.86,46,20,3.44
345,Mlimba,TZ,2021-12-05 18:46:38,-8.8,35.8167,73.9,92,92,1.68
346,Phangnga,TH,2021-12-05 18:46:39,8.4509,98.5298,73.44,86,100,5.06
347,Camabatela,AO,2021-12-05 18:46:39,-8.1881,15.375,63.64,97,100,1.9
348,Port Augusta,AU,2021-12-05 18:46:39,-32.5,137.7667,64.54,64,90,4.27
349,Sola,VU,2021-12-05 18:46:40,-13.8833,167.55,74.07,100,90,0.0
350,Itoman,JP,2021-12-05 18:46:40,26.1247,127.6694,68.02,64,75,11.5
351,Mahajanga,MG,2021-12-05 18:46:41,-15.7167,46.3167,84.22,74,20,3.44
352,Ulaanbaatar,MN,2021-12-05 18:46:41,47.9077,106.8832,-5.67,77,5,2.24
353,Kvarkeno,RU,2021-12-05 18:46:41,52.0833,59.725,29.12,98,100,7.67
354,Northam,GB,2021-12-05 18:47:42,51.0333,-4.2167,44.62,74,13,13.69
355,Thyboron,DK,2021-12-05 18:47:42,56.6985,8.2124,32.18,85,99,21.68
356,Benemerito De Las Americas,MX,2021-12-05 18:47:43,16.5167,-90.6439,85.46,51,12,3.6
357,Waingapu,ID,2021-12-05 18:47:43,-9.6567,120.2641,78.82,83,100,4.34
358,Mahenge,TZ,2021-12-05 18:47:43,-8.6833,36.7167,63.18,95,92,2.46
359,Darnetal,FR,2021-12-05 18:47:44,49.4453,1.1514,44.28,92,90,1.01
360,Sicamous,CA,2021-12-05 18:44:50,50.8331,-118.9856,32.11,58,18,1.01
361,Monywa,MM,2021-12-05 18:47:44,22.1167,95.1333,69.04,80,14,5.55
362,Soc Trang,VN,2021-12-05 18:47:45,9.6033,105.98,73.36,85,100,5.77
363,Jiangkou,CN,2021-12-05 18:47:45,25.4872,119.1986,58.89,78,32,10.07
364,Kudahuvadhoo,MV,2021-12-05 18:47:46,2.6708,72.8944,82.47,75,88,17.09
365,Labytnangi,RU,2021-12-05 18:47:46,66.6572,66.4183,-22.36,97,22,8.75
366,Esperance,AU,2021-12-05 18:47:46,-33.8667,121.9,58.84,80,56,9.73
367,Saint-Pierre,RE,2021-12-05 18:47:47,-21.3393,55.4781,78.48,77,20,4.61
368,Aras,ES,2021-12-05 18:47:47,42.5617,-2.356,39.72,90,40,16.11
369,Makakilo City,US,2021-12-05 18:46:55,21.3469,-158.0858,75.52,74,20,10.36
370,Mazatlan,MX,2021-12-05 18:45:32,23.2167,-106.4167,84.02,77,75,1.99
371,Pleshanovo,RU,2021-12-05 18:47:48,52.8333,53.4833,27.45,95,100,3.36
372,Tevaitoa,PF,2021-12-05 18:43:01,-16.7833,-151.5,80.71,72,100,17.49
373,Nortelandia,BR,2021-12-05 18:47:48,-14.4547,-56.8028,82.69,83,100,0.87
374,Vanimo,PG,2021-12-05 18:43:09,-2.6741,141.3028,79.12,83,92,6.73
375,Vallenar,CL,2021-12-05 18:45:17,-28.5708,-70.7581,87.12,18,100,10.6
376,Puerto Escondido,MX,2021-12-05 18:47:49,15.85,-97.0667,87.13,53,0,7.56
377,Vao,NC,2021-12-05 18:47:50,-22.6667,167.4833,74.73,82,100,16.02
378,Tucuman,AR,2021-12-05 18:47:50,-26.8241,-65.2226,82.4,54,40,4.61
379,Oussouye,SN,2021-12-05 18:47:51,12.485,-16.5469,86.18,45,96,6.26
380,Coahuayana,MX,2021-12-05 18:47:51,18.7333,-103.6833,88.34,52,98,5.93
381,Khovu-Aksy,RU,2021-12-05 18:47:51,51.1333,93.6,8.04,86,100,5.17
382,Hovd,MN,2021-12-05 18:47:52,48.0056,91.6419,18.82,58,100,1.14
383,Troitskoye,RU,2021-12-05 18:47:52,52.9821,84.6757,12.92,97,98,4.05
384,Husavik,IS,2021-12-05 18:42:54,66.0449,-17.3389,37.31,75,100,18.81
385,Rancagua,CL,2021-12-05 18:47:04,-34.1708,-70.7444,85.86,25,0,10.36
386,Toamasina,MG,2021-12-05 18:47:53,-18.1667,49.3833,80.6,74,40,4.61
387,Grindavik,IS,2021-12-05 18:47:53,63.8424,-22.4338,43.27,87,90,34.52
388,Rocha,UY,2021-12-05 18:47:54,-34.4833,-54.3333,67.46,86,98,10.49
389,Petrovac,RS,2021-12-05 18:47:54,44.3769,21.4192,44.58,81,100,7.2
390,Fortuna,US,2021-12-05 18:47:55,40.5982,-124.1573,49.66,100,90,0.0
391,Mitsamiouli,KM,2021-12-05 18:43:37,-11.3847,43.2844,84.49,70,20,10.36
392,Ust-Ilimsk,RU,2021-12-05 18:45:09,58.0006,102.6619,20.12,95,100,6.35
393,Samfya,ZM,2021-12-05 18:47:56,-11.3649,29.5565,76.5,50,41,7.67
394,Dorado,PR,2021-12-05 18:47:56,18.4588,-66.2677,87.15,79,28,15.61
395,Camacha,PT,2021-12-05 18:47:57,33.0833,-16.3333,63.36,77,75,16.11
396,Gat,IL,2021-12-05 18:47:57,31.61,34.7642,61.39,19,2,8.19
397,Newport,GB,2021-12-05 18:47:57,51.5877,-2.9984,44.82,79,7,9.13
398,Beloha,MG,2021-12-05 18:44:41,-25.1667,45.05,75.79,78,0,6.11
399,San Cristobal,VE,2021-12-05 18:43:32,7.7669,-72.225,80.78,42,49,6.73
400,Matamoros,MX,2021-12-05 18:48:59,25.5333,-103.25,75.31,29,75,4.61
401,Pudozh,RU,2021-12-05 18:48:59,61.8099,36.5345,11.26,92,86,6.53
402,Ada,US,2021-12-05 18:48:59,43.4166,-116.1262,47.73,65,1,15.99
403,Vanavara,RU,2021-12-05 18:49:00,60.34,102.2797,4.64,96,100,3.85
404,Lar,IN,2021-12-05 18:49:00,26.2039,83.9717,70.68,62,0,4.09
405,Aitape,PG,2021-12-05 18:49:01,-3.1374,142.3475,79.5,89,91,4.72
406,Asfi,MA,2021-12-05 18:49:01,32.2994,-9.2372,61.32,78,0,23.02
407,Arraial Do Cabo,BR,2021-12-05 18:49:02,-22.9661,-42.0278,84.16,74,0,23.02
408,Rundu,NA,2021-12-05 18:49:02,-17.9333,19.7667,72.88,64,90,8.72
409,Sambava,MG,2021-12-05 18:49:02,-14.2667,50.1667,76.96,86,2,10.27
410,Maputo,MZ,2021-12-05 18:49:03,-25.9653,32.5892,79.23,82,75,3.0
411,Burgersdorp,ZA,2021-12-05 18:49:03,-30.9977,26.3286,62.26,77,100,10.13
412,Qandala,SO,2021-12-05 18:44:53,11.472,49.8728,76.48,68,15,7.47
413,Lakota,CI,2021-12-05 18:49:04,5.8528,-5.6883,77.9,81,25,5.55
414,Homer,US,2021-12-05 18:49:04,59.6425,-151.5483,33.04,87,90,10.36
415,Haines Junction,CA,2021-12-05 18:49:05,60.7522,-137.5108,-7.78,99,99,1.92
416,Severo-Kurilsk,RU,2021-12-05 18:49:05,50.6789,156.125,31.12,75,95,24.99
417,Markova,UA,2021-12-05 18:49:06,48.6758,24.4138,27.99,95,100,2.21
418,Gayeri,BF,2021-12-05 18:49:06,12.6497,0.4931,82.62,11,0,8.01
419,Guerrero Negro,MX,2021-12-05 18:49:06,27.9769,-114.0611,69.13,64,2,13.27
420,Korla,CN,2021-12-05 18:49:07,41.7597,86.1469,30.38,45,100,3.47
421,Palmas,BR,2021-12-05 18:49:07,-10.2128,-48.3603,85.87,66,40,5.75
422,Nome,US,2021-12-05 18:49:08,64.5011,-165.4064,28.47,93,90,32.21
423,Isangel,VU,2021-12-05 18:49:08,-19.55,169.2667,73.51,100,75,2.3
424,Kaeo,NZ,2021-12-05 18:49:09,-35.1,173.7833,69.33,95,71,7.09
425,Gigmoto,PH,2021-12-05 18:49:09,13.7796,124.39,76.28,81,100,12.39
426,Gaya,IN,2021-12-05 18:49:09,24.7833,85.0,67.91,88,12,0.0
427,Santa Maria,BR,2021-12-05 18:45:37,-29.6842,-53.8069,83.5,54,75,6.91
428,Kirovskiy,RU,2021-12-05 18:49:10,45.0917,133.5136,17.49,92,8,6.04
429,Valparaiso,CL,2021-12-05 18:44:43,-33.0393,-71.6273,64.47,82,90,10.36
430,Vera Cruz,BR,2021-12-05 18:49:11,-12.6333,-41.0333,77.34,77,87,3.94
431,El Alto,PE,2021-12-05 18:49:11,-4.2714,-81.2147,71.19,69,100,21.68
432,Arlit,NE,2021-12-05 18:49:11,18.7369,7.3853,73.17,15,5,9.62
433,San Carlos De Bariloche,AR,2021-12-05 18:48:56,-41.1456,-71.3082,83.95,10,20,3.44
434,Fountain Hills,US,2021-12-05 18:49:12,33.6117,-111.7174,73.58,27,1,3.0
435,Hereford,GB,2021-12-05 18:49:12,52.0568,-2.7148,43.65,83,76,7.09
436,Moranbah,AU,2021-12-05 18:49:13,-22.0016,148.0466,72.36,78,33,11.65
437,Pisco,PE,2021-12-05 18:49:13,-13.7,-76.2167,71.02,78,40,8.05
438,Nevelsk,RU,2021-12-05 18:49:14,46.6733,141.8633,36.03,79,50,22.26
439,Bairiki,KI,2021-12-05 18:44:48,1.3292,172.9752,80.6,83,75,12.66
440,Vila Franca Do Campo,PT,2021-12-05 18:49:14,37.7167,-25.4333,65.19,78,66,3.85
441,Les Cayes,HT,2021-12-05 18:49:15,18.2,-73.75,83.73,65,20,8.21
442,Hokitika,NZ,2021-12-05 18:49:15,-42.7167,170.9667,55.4,83,99,6.76
443,Sitka,US,2021-12-05 18:49:16,57.0531,-135.33,33.69,75,90,13.8
444,Amboasary,MG,2021-12-05 18:49:16,-25.0333,46.3833,78.64,78,0,5.35
445,Prince Rupert,CA,2021-12-05 18:49:17,54.3161,-130.3201,33.49,80,40,5.75
446,Saint George,US,2021-12-05 18:50:17,37.1041,-113.5841,68.34,42,1,4.61
447,Elizabeth City,US,2021-12-05 18:50:18,36.2946,-76.2511,62.02,66,35,3.0
448,Yar-Sale,RU,2021-12-05 18:50:18,66.8333,70.8333,-17.0,94,10,13.4
449,Kamyaran,IR,2021-12-05 18:50:18,34.7956,46.9355,44.55,33,0,2.66
450,Potam,MX,2021-12-05 18:50:19,27.6,-110.3833,77.92,25,0,8.52
451,Sorland,NO,2021-12-05 18:50:19,67.667,12.6934,26.46,69,100,10.54
452,West Wendover,US,2021-12-05 18:49:20,40.7391,-114.0733,42.01,49,1,0.0
453,Karpathos,GR,2021-12-05 18:50:20,35.507,27.2132,57.16,88,0,3.44
454,Dalvik,IS,2021-12-05 18:50:20,65.9702,-18.5286,37.33,84,100,15.66
455,Maamba,ZM,2021-12-05 18:50:21,-17.3667,27.15,84.9,23,78,2.93
456,Sao Filipe,CV,2021-12-05 18:50:21,14.8961,-24.4956,76.37,71,44,12.35
457,Pindiga,NG,2021-12-05 18:50:21,9.9833,10.9333,81.46,24,70,7.45
458,Manado,ID,2021-12-05 18:50:22,1.487,124.8455,75.97,94,40,1.14
459,Kyzyl-Suu,KG,2021-12-05 18:50:22,42.3414,78.0056,29.03,58,69,8.41
460,Chadiza,ZM,2021-12-05 18:50:23,-14.0678,32.4392,79.16,29,12,7.96
461,Ozernovskiy,RU,2021-12-05 18:50:23,51.5,156.5167,30.79,70,100,23.94
462,Afyonkarahisar,TR,2021-12-05 18:50:24,38.75,30.6667,45.99,74,15,4.45
463,Nichinan,JP,2021-12-05 18:50:24,31.6,131.3667,50.54,75,99,6.06
464,Maua,BR,2021-12-05 18:50:25,-23.6678,-46.4614,80.4,71,84,10.51
465,Maceio,BR,2021-12-05 18:47:51,-9.6658,-35.7353,87.24,66,75,14.97
466,Pustoshka,RU,2021-12-05 18:50:25,56.3355,29.369,11.79,95,92,5.73
467,Anloga,GH,2021-12-05 18:50:26,5.7947,0.8973,84.42,83,57,15.48
468,Saint Anthony,US,2021-12-05 18:50:26,45.0205,-93.218,38.08,67,40,5.01
469,Yaan,NG,2021-12-05 18:50:27,7.3833,8.5667,84.45,28,100,3.71
470,Morondava,MG,2021-12-05 18:50:27,-20.2833,44.2833,80.96,73,95,7.9
471,Khasan,RU,2021-12-05 18:50:27,42.4308,130.6434,27.14,72,2,5.23
472,San Angelo,US,2021-12-05 18:50:28,31.4638,-100.437,75.97,64,75,4.0
473,Palasa,IN,2021-12-05 18:50:28,18.7667,84.4167,72.95,92,100,1.32
474,Lovozero,RU,2021-12-05 18:50:29,68.005,35.0117,1.71,70,46,9.17
475,La Ronge,CA,2021-12-05 18:45:38,55.1001,-105.2842,-12.75,64,20,9.22
476,Marawi,PH,2021-12-05 18:50:29,7.9986,124.2928,64.65,97,100,1.32
477,Vendome,FR,2021-12-05 18:50:30,47.8,1.0667,44.29,87,97,14.41
478,Upata,VE,2021-12-05 18:50:30,8.0086,-62.3989,86.2,47,57,4.47
479,Saint-Augustin,CA,2021-12-05 18:50:31,51.226,-58.6502,23.45,54,100,8.12
480,Wufeng,CN,2021-12-05 18:50:31,27.45,104.8333,41.04,86,4,1.45
481,Rio Gallegos,AR,2021-12-05 18:50:32,-51.6226,-69.2181,66.25,20,20,19.57
482,Klaksvik,FO,2021-12-05 18:50:32,62.2266,-6.589,32.92,57,45,6.11
483,Taltal,CL,2021-12-05 18:50:32,-25.4,-70.4833,68.61,61,27,7.29
484,Ramhormoz,IR,2021-12-05 18:50:33,31.28,49.6035,64.15,30,100,4.23
485,Okha,RU,2021-12-05 18:50:34,53.5739,142.9478,8.78,91,96,6.76
486,Erdenet,MN,2021-12-05 18:50:34,49.0333,104.0833,17.13,52,12,4.94
487,Gweru,ZW,2021-12-05 18:50:34,-19.45,29.8167,78.51,31,82,9.69
488,Bitung,ID,2021-12-05 18:50:35,1.4451,125.1824,76.05,84,100,6.2
489,Tigre,AR,2021-12-05 18:50:35,-34.426,-58.5796,81.05,58,20,13.8
490,Kholm,RU,2021-12-05 18:50:36,59.2667,32.85,0.05,92,19,6.49
491,Rajaldesar,IN,2021-12-05 18:50:36,28.0333,74.4667,65.08,63,47,3.98
492,Boca Do Acre,BR,2021-12-05 18:50:36,-8.7522,-67.3978,81.07,76,100,3.04
493,Alyangula,AU,2021-12-05 18:50:37,-13.8483,136.4192,76.87,100,97,3.44
494,Bahia Blanca,AR,2021-12-05 18:50:37,-38.7196,-62.2724,78.4,25,0,7.43
495,Maragogi,BR,2021-12-05 18:51:38,-9.0122,-35.2225,79.84,80,63,10.47
496,Canora,CA,2021-12-05 18:51:38,51.6333,-102.4343,5.02,91,100,13.69
497,Katsuura,JP,2021-12-05 18:51:38,35.1333,140.3,48.31,73,100,12.62
498,Amurzet,RU,2021-12-05 18:51:39,47.6967,131.0981,16.72,97,100,1.95
499,Lamu,KE,2021-12-05 18:51:39,-2.2717,40.902,82.62,77,100,10.38
500,Port Hardy,CA,2021-12-05 18:51:40,50.6996,-127.4199,35.6,93,75,4.61
501,Sarangani,PH,2021-12-05 18:51:40,5.4033,125.4636,81.41,79,66,10.07
502,Tibagi,BR,2021-12-05 18:51:41,-24.5094,-50.4136,84.97,40,78,2.82
503,Aksha,RU,2021-12-05 18:51:41,50.2814,113.2867,17.56,68,11,7.85
504,Myanaung,MM,2021-12-05 18:51:42,18.2833,95.3167,69.85,79,8,3.33
505,Kalmunai,LK,2021-12-05 18:51:42,7.4167,81.8167,78.42,83,8,1.79
506,Opuwo,NA,2021-12-05 18:51:43,-18.0607,13.84,74.16,21,0,11.95
507,Chilmari,BD,2021-12-05 18:51:43,25.5559,89.6715,71.13,71,100,3.6
508,Vestmannaeyjar,IS,2021-12-05 18:51:44,63.4427,-20.2734,41.99,93,90,48.34
509,Peniche,PT,2021-12-05 18:51:44,39.3558,-9.3811,55.29,77,91,18.84
510,Fairview,US,2021-12-05 18:51:06,40.8126,-73.999,49.44,40,100,1.01
511,Coquimbo,CL,2021-12-05 18:51:45,-29.9533,-71.3436,64.13,72,40,12.66
512,Neiafu,TO,2021-12-05 18:51:45,-18.65,-173.9833,77.68,100,40,5.75
513,Conceicao Do Araguaia,BR,2021-12-05 18:51:45,-8.2578,-49.2647,84.2,69,100,4.43
514,Santo Antonio Do Sudoeste,BR,2021-12-05 18:51:46,-26.0736,-53.7253,89.04,33,62,5.41
515,Tilichiki,RU,2021-12-05 18:51:46,60.4667,166.1,-1.37,95,99,3.02
516,Anadyr,RU,2021-12-05 18:51:47,64.75,177.4833,14.5,85,90,31.0
517,Londiani,KE,2021-12-05 18:51:47,-0.165,35.5909,53.74,89,63,4.74
518,Rennes,FR,2021-12-05 18:51:37,48.1667,-1.6667,48.52,66,90,17.27
519,Santa Barbara,US,2021-12-05 18:47:49,34.7333,-120.0343,69.3,27,0,6.15
520,Tabou,CI,2021-12-05 18:51:48,4.423,-7.3528,81.01,80,8,8.01
521,Yuli,NG,2021-12-05 18:51:48,9.6989,10.2744,81.88,25,41,5.75
522,San Quintin,MX,2021-12-05 18:51:48,30.4833,-115.95,65.21,68,0,10.87
523,Yanam,IN,2021-12-05 18:51:49,16.7333,82.2167,75.6,88,7,3.29
524,Sawakin,SD,2021-12-05 18:51:49,19.1059,37.3321,82.17,68,1,8.28
525,La Palma,US,2021-12-05 18:51:50,33.8464,-118.0467,75.11,92,90,0.0
526,Ostersund,SE,2021-12-05 18:47:56,63.1792,14.6357,10.85,79,90,10.36
527,Sobolevo,RU,2021-12-05 18:51:50,54.4299,31.8996,22.87,98,100,4.72
528,Beroroha,MG,2021-12-05 18:51:51,-21.6667,45.1667,82.36,49,2,2.98
529,Nemuro,JP,2021-12-05 18:51:51,43.3236,145.575,38.86,59,0,8.95
530,Greenville,US,2021-12-05 18:51:11,35.6127,-77.3663,66.36,58,40,1.99
531,Rosarito,MX,2021-12-05 18:51:52,32.3333,-117.0333,68.94,67,0,8.28
532,Jardim,BR,2021-12-05 18:51:53,-21.4803,-56.1381,98.89,23,90,7.65
533,Hervey Bay,AU,2021-12-05 18:51:53,-25.2986,152.8535,71.04,92,4,1.01
534,Bukama,CD,2021-12-05 18:51:53,-9.2,25.85,74.16,75,73,2.35
535,Guanica,PR,2021-12-05 18:51:54,17.9716,-66.908,87.98,69,98,15.01
536,Ghanzi,BW,2021-12-05 18:51:54,-21.5667,21.7833,74.59,55,100,11.72
537,Sao Joao Da Barra,BR,2021-12-05 18:46:59,-21.6403,-41.0511,84.29,76,4,14.79
538,Kamaishi,JP,2021-12-05 18:51:55,39.2667,141.8833,38.39,72,4,9.08
539,Novokruchininskiy,RU,2021-12-05 18:51:55,51.7833,113.7667,17.33,76,14,11.05
540,Obera,AR,2021-12-05 18:51:56,-27.4871,-55.1199,92.61,28,3,7.05
541,Oranjestad,AW,2021-12-05 18:51:56,12.524,-70.027,80.96,81,87,21.12
542,Hohoe,GH,2021-12-05 18:52:56,7.1518,0.4736,79.59,43,77,2.46
543,Aljezur,PT,2021-12-05 18:52:57,37.3191,-8.8033,56.08,72,0,14.67
544,Nakhon Si Thammarat,TH,2021-12-05 18:52:57,8.25,100.0,76.05,86,100,5.41
545,Maniitsoq,GL,2021-12-05 18:52:58,65.4167,-52.9,28.4,75,100,27.0
546,Mpika,ZM,2021-12-05 18:52:58,-11.8343,31.4529,69.08,52,12,4.45
547,Vikesa,NO,2021-12-05 18:52:59,58.6376,6.0913,30.29,74,80,8.14
548,Trairi,BR,2021-12-05 18:49:59,-3.2778,-39.2689,85.3,65,14,15.35
549,Bogande,BF,2021-12-05 18:52:59,12.9714,-0.1436,82.04,11,6,7.25
550,Bjelovar,HR,2021-12-05 18:53:00,45.8986,16.8489,37.4,97,100,7.43
551,Anton Lizardo,MX,2021-12-05 18:53:00,19.05,-95.9833,84.22,69,0,7.45
552,Vasto,IT,2021-12-05 18:53:00,42.1243,14.7059,50.45,71,100,7.14
553,Bismarck,US,2021-12-05 18:53:01,46.8083,-100.7837,27.21,84,90,8.99
554,Margate,GB,2021-12-05 18:53:01,51.3813,1.3862,43.7,84,99,8.99
555,Kattivakkam,IN,2021-12-05 18:53:01,13.2167,80.3167,82.49,91,0,3.71
556,Aasiaat,GL,2021-12-05 18:53:02,68.7098,-52.8699,24.87,77,100,9.22
557,Avera,US,2021-12-05 18:53:02,33.194,-82.5271,72.72,58,100,4.81
558,Ingham,US,2021-12-05 18:53:03,42.6,-84.3833,37.99,63,90,10.36
559,Taua,BR,2021-12-05 18:53:03,-5.9667,-40.3,92.61,30,67,9.93
560,Pueblo,US,2021-12-05 18:53:04,38.2545,-104.6091,69.44,17,100,10.0
561,Tonstad,NO,2021-12-05 18:53:04,58.6626,6.7169,28.24,80,87,7.63
562,Houston,US,2021-12-05 18:49:32,29.7633,-95.3633,80.4,71,75,4.0
563,Mouzouras,GR,2021-12-05 18:53:05,35.5333,24.15,59.43,88,20,4.61
564,Tinlot,BE,2021-12-05 18:53:05,50.4752,5.3784,37.56,93,75,4.61
565,Deputatskiy,RU,2021-12-05 18:53:06,69.3,139.9,-21.24,97,100,2.17
566,Urucui,BR,2021-12-05 18:53:06,-7.2294,-44.5561,84.85,63,100,3.67
567,Luang Prabang,LA,2021-12-05 18:53:06,19.8856,102.1347,55.72,78,47,1.59
568,Portlethen,GB,2021-12-05 18:53:07,57.0547,-2.1307,31.77,91,7,2.3
569,Riberalta,BO,2021-12-05 18:53:07,-10.9833,-66.1,84.4,74,75,9.22
570,Novobirilyussy,RU,2021-12-05 18:53:08,56.9514,90.6661,28.83,90,100,12.71
571,Dekar,BW,2021-12-05 18:53:08,-21.5333,21.9333,74.66,55,100,11.65
572,Teguldet,RU,2021-12-05 18:53:09,57.3064,88.1667,30.38,92,100,13.44
573,Santa Rosa,PH,2021-12-05 18:53:09,14.3122,121.1114,75.18,84,53,7.72
574,Marzuq,YE,2021-12-05 18:53:09,14.4,46.4667,62.64,48,5,0.09
575,Thinadhoo,MV,2021-12-05 18:53:10,0.5333,72.9333,81.91,80,100,19.44
